Title,Description,URL
"Jobs In Mumbai, 57681 Job Vacancies In Mumbai","Apply To 57681 Job Openings In Mumbai: 684 In Jpmorgan, 518 In Accenture, 265 In Capgemini & 65 In L&t Infotech On Naukri.com. Explore Latest Jobs ...",https://www.naukri.com/jobs-in-mumbai
"24838 Jobs and Vacancies in Mumbai, Maharashtra","24838 jobs available in Mumbai, Maharashtra on Indeed.com.","https://in.indeed.com/l-mumbai,-maharashtra-jobs.html"
"24834 Jobs and Vacancies in Mumbai, Maharashtra","jobs in Mumbai, Maharashtra. 24,834 jobs. Application Admin. New. Urgently hiring. Talentbes Executive Search. Mumbai, Maharashtra. PostedJust posted ...",https://in.indeed.com/m/jobs?l=Mumbai%2C+Maharashtra
48000+ Jobs in Mumbai Metropolitan Region (2201 new),"48,000+ Jobs in Mumbai Metropolitan Region (2,201 new) · Assistant Brand Manager - Ice Cream · Operations Executive (Ahmedabad) · Business Finance - COO Office.",https://in.linkedin.com/jobs/jobs-in-mumbai
Jobs in Mumbai – Find 3539 Job Vacancies in Mumbai,07-Dec-2023 – Apply for 3539 Jobs available in Mumbai. Register for Free on Apna.co & Find ✓ Work from Home ✓ Online ✓ Freshers ✓ Women Jobs in Mumbai.,https://apna.co/jobs/jobs-in-mumbai
106020 Job Vacancies In Mumbai Maharashtra,"Apply To 106020 Job Openings In Mumbai Maharashtra On Naukri.com, India's #1 Job Portal. Explore Jobs In Mumbai Maharashtra Across Top Companies ...",https://www.naukri.com/jobs-in-mumbai-maharashtra
30000+ Jobs in Mumbai Metropolitan Region (1316 new),"30,000+ Jobs in Mumbai Metropolitan Region (1,316 new) · Digital Sales Manager. Digital Sales Manager · Visual Merchandiser · Executive Assistant · Jr.",https://in.linkedin.com/jobs/jobs-in-mumbai-metropolitan-region
10061 Jobs in Mumbai: Latest Job Vacancies & ...,10061 Jobs in Mumbai · Sales Executive · Lab Assistant · Delivery Boy · Hindi Marathi Calling · Customer Care Manager · Insurance Sales · Food Delivery · Field ...,https://www.workindia.in/jobs-in-mumbai/
"Find Job Openings in Mumbai - Dec 07, 2023","Dec 07, 2023 - Apply to 34480+ jobs in Mumbai on Jobhai.com . ✓Find latest verified jobs in Mumbai ✓Call HR Directly for Interview ✓Free Registration.",https://www.jobhai.com/jobs-in-mumbai-cty
Chembur jobs,"Apply To 123 Chembur Jobs On Naukri.com, #1 Job Portal In India. Explore Chembur Job Openings In Your Desired Locations Now!",https://www.naukri.com/chembur-jobs
"jobs in Chembur, Mumbai, Maharashtra","24746 jobs available in Chembur, Mumbai, Maharashtra on Indeed.com.","https://in.indeed.com/l-chembur,-mumbai,-maharashtra-jobs.html"
57115 Job Vacancies In Chembur Mumbai,"Apply To 57115 Job Openings In Chembur Mumbai On Naukri.com, India's #1 Job Portal. Explore Jobs In Chembur Mumbai Across Top Companies Now!",https://www.naukri.com/jobs-in-chembur-mumbai
"382 Jobs in Chembur, Mumbai","382 Jobs in Chembur, Mumbai · Telecaller · Field Sales Executive · Medical Sales · Baby Care · Loder/Unloder · Packing Helper · Picker / Packer · Baby Care. Rs.",https://www.workindia.in/jobs-in-chembur-mumbai/
"Find 106 Job Openings in Chembur (East), Mumbai","Dec 07, 2023 - Apply to 105+ jobs in Chembur (East), Mumbai on Jobhai.com. ✓Find latest verified jobs in Mumbai ✓Call HR Directly for Interview ✓Free ...",https://www.jobhai.com/jobs-in-chembur-east-mumbai-lcty
"Jobs in Chembur, Mumbai - Find 16 Job Vacancies in ...","06-Dec-2023 – Apply for 16 Jobs available in Chembur, Mumbai on apna. Register for Free & Find ✓ Work from Home ✓ Online ✓ Freshers ✓ Women Jobs at ...",https://apna.co/jobs/jobs-in-chembur-mumbai
"411 Jobs in Chembur East, Mumbai","411 Jobs in Chembur East, Mumbai · Office Helper · Delivery Boy Biker · Senior Beautician · Kitchen Helper · Housekeeping Staff · Helper / Peon · Helper / ...",https://www.workindia.in/jobs-in-chembur-east-mumbai/
149 Chembur jobs in India (10 new),"Today's top 149 Chembur jobs in India. Leverage your professional network, and get hired. New Chembur jobs added daily.",https://in.linkedin.com/jobs/chembur-jobs
Amazon.jobs: Help us build Earth's most customer-centric ...,"Find jobs · Opportunities for students. Learn about, search for, and apply to internships and full-time opportunities for students. · Warehouse and Hourly Jobs.",https://www.amazon.jobs/
Job search,"We're a company of pioneers. It's our job to make bold bets, and we get our energy from inventing on behalf of customers. Success is measured against the ...",https://www.amazon.jobs/en/search
"female jobs in chembur, mumbai, maharashtra","516 job vacancy for male / female jobs available in chembur, mumbai, maharashtra. See salaries, compare reviews, easily apply, and get hired.",https://www.simplyhired.co.in/search?q=job+vacancy+for+male+%2F+female&l=chembur%2C+mumbai%2C+maharashtra
Search Jobs — Google Careers,"Find your next job at Google — Careers at Google. Search by location, role, skills, and more.",https://www.google.com/about/careers/applications/jobs/results/
"Find 282 Job Openings in Chembur, Mumbai - Dec 07, 2023",Jobs by Popular Companies in Chembur · Cashier · Graphic Designer · Accountant · Data Entry Executive · Food Delivery Boy · Sales Executive · Back Office ...,https://www.jobhai.com/jobs-in-chembur-mumbai-lcty
Explore Jobs: Top Companies Are Waiting To Hire You,Explore jobs for freshers & experienced at top companies around the globe. Find out the latest job vacancies in your preferred location and get hired ...,https://unstop.com/jobs
Jobs News - The Economic Times,Government Jobs · PSBs want cap relaxed for management-level hiring · UKMSSB Recruitment 2023: Uttarakhand Medical Board announces 1455 Nursing officer post ...,https://economictimes.indiatimes.com/jobs
Search Jobs — Google Careers,"Search Jobs · Vice President, Engineering, Workspace Communications and Time Management · Data Center Technician · Head of Google for Startups, Japan · User ...",https://www.google.com/about/careers/applications/jobs/results/?page=2
NCS|Home: National Career Service - Career guidance and ...,Govt Jobs & Employment Portal. Govt. Jobs · Government Portals · Links to Govt. Jobs · Jobs Archives. Services for Differently Abled. Jobs for Differently Abled ...,https://www.ncs.gov.in/
Search Jobs | Accenture,Search for Accenture jobs and find open positions near you. Learn more about our career opportunities and open job positions to find your fit.,https://www.accenture.com/in-en/careers/jobsearch
Jobs at Nestlé | Nestlé Global,Explore our career areas · Administrative · Communications · Engineering · Finance · Human Resources · Information Technology · Legal · Internships ...,https://www.nestle.com/jobs
Careers,"Global Opportunities. We offer a wide variety of job opportunities around the world, serving 189 member countries with offices in 130. Learn More.",https://www.worldbank.org/en/about/careers
5085 Jobs: Latest Job Vacancies &amp; Openings in 2023,Apply to 5085 Jobs in India. Internshala offers the latest job vacancies & opportunities to help you get hired by top companies. Register now for free to ...,https://internshala.com/jobs/
Jobs,"Apply for remote jobs at EPAM Anywhere. Open vacancies for Senior / Lead Software Engineers, DevOps, BAs, QAs, and other IT specialists.",https://anywhere.epam.com/en/jobs
Jobs | National Government Services Portal,NCS - Job Search ... National Career Service (NCS) is an online solution from Ministry of Labour and Employment for employers to post job openings and for those ...,https://services.india.gov.in/service/listing?cat_id=2&ln=en
Microsoft Careers: Search Jobs,.. Find jobs. Search results couldn't load. Refresh the page or ...,https://jobs.careers.microsoft.com/
Science jobs | Choose from 1654 live vacancies,"Search for your next job from 1654 live vacancies, or upload your CV now and let recruiters find you.",https://www.nature.com/naturecareers/
Job Search,"Jio Careers. How We Care · How We Hire; Jobs. Job Search. Refine your search. Clear All Filters. Select Function, Apprentice, Business Operations ...",https://careers.jio.com/frmJobCategories.aspx?n=1
Entry Level Jobs for Freshers in India,"Application Development Associate. Design, build, test, assemble, and configure applications for meeting business requirements. B.E./B.Tech (all streams) ...",https://www.accenture.com/in-en/careers/local/technology-grads
Jobs Search,"Jobs in High-Energy Physics. A listing of academic and research jobs of interest to the community in high energy physics, nuclear physics, ...",https://inspirehep.net/jobs
Jobs in Chembur,"Find Jobs, Online Jobs in Chembur. Check all our available jobs & jobs vacancies at OLX Chembur. OLX provides the best Free Online Classified Advertising in ...",https://www.olx.in/chembur_g5322440/jobs_c4
"Jobs in Mumbai, 10963 Active Jobs ...","10963 Jobs in Mumbai – Find and apply to the latest job vacancies in Mumbai. Register and explore IT, Finance, Marketing, Sales jobs in Mumbai on shine.com.",https://www.shine.com/job-search/jobs-in-mumbai
Jobs in Mumbai (24354) : Latest Job Vacancies in Mumbai,24354 Jobs in Mumbai · Work From Home-Jobs/ Part-Time Jobs/ Online Data Entry Jobs/ Typist Jobs/ Data Entry/ Typing Jobs · Customer Care Executive · CCTV ...,https://www.foundit.in/search/jobs-in-mumbai
Job Search India,"With AmbitionBox, you can search millions of jobs online to find the next step in your career. With tools for job search, company reviews, salaries and more ...",https://www.ambitionbox.com/jobs
Jobs in Mumbai,"6 December 2023: Job Openings In Mumbai: Check latest 2385 job opportunities in Mumbai for freshers & experienced. Filter jobs according to role, salary, ...",https://www.quikr.com/jobs/mumbai+zwqxj760939060
Search Jobs | Europass,Find jobs · Contact the EU · Social media · Legal · EU institutions. European Parliament · European Council · Council of the European Union · European ...,https://europa.eu/europass/en/find-jobs
"722 part time Jobs in Chembur, December 2023 - Glassdoor",722 Part time jobs in Chembur · Black & Veatch Logo. Black & Veatch. 3.6. Consulting Intern · Deutsche Bank Logo. Deutsche Bank. 4.0. L2 AML Investigator (India).,"https://www.glassdoor.co.in/Job/chembur-part-time-jobs-SRCH_IL.0,7_IC4470377_KO8,17.htm"
Job search,We work with established companies and promising start-ups to bring professional job vacancies to you. Monitor our job listings to ensure you do not miss out on ...,https://www.michaelpage.co.in/job-search
Jio careers,How We Care · How We Hire; Jobs. Smart App for Smart candidates; Opportunities for Students and Graduates; Opportunities for Corporate Jobs ...,https://careers.jio.com/
Job Vacancies in Kerala,"Search for IT jobs in companies located inside Infopark - Kochi, Thrissur & Cherthala. Browse the latest job openings here!",https://infopark.in/companies/job-search
Current Jobs Openings In Mumbai - TimesJobs.com,current Jobs in Mumbai · Sales Manager (5 - 8 yrs). Digit solutions (More Jobs) · Marketing Manager (2 - 7 yrs) · OSB Developer (5 - 9 yrs) · Architect Interior ...,https://www.timesjobs.com/jobs-in-mumbai/current-jobs
Jobs,"The ""apply on company website"" button will take you to the URL of the opportunity on the Tata company's respective recruitment website. You can proceed to apply ...",https://www.tata.com/careers/jobs
"part time jobs in chembur, mumbai, maharashtra","part time jobs in chembur, mumbai, maharashtra · Data Entry Operator/Computer Operator. Fish Eye Advertising —Mumbai, Maharashtra · Content Writer, Computer ...",https://www.simplyhired.co.in/search?q=part-time&l=chembur%2C+mumbai%2C+maharashtra
190 Job Openings & Vacancies in Mumbai,"Jobs in Mumbai · Computer programmers using technology like AI and machine · Software, app or games developer using modern technology · Data scientists and ...",https://qjobsindia.com/jobs-in-mumbai
Jobs & Funding | EURAXESS - European Union,EURAXESS offers you a wealth of information on and links to funding opportunities at European and national level. Whether you are starting your research career ...,https://euraxess.ec.europa.eu/jobs
"Jobs in Chembur,Mumbai","Jobs in Chembur, Mumbai · Urgent Hiring Piping Draftsman For Chembur. Millicon Consultant Engineers Pvt. · Urgent Hiring for Operations Assistant @ Mumbai - ...",https://www.placementindia.com/jobs-in-chembur-mumbai.htm
972 Jobs & Vacancies | Apply Now,972 jobs found for you · technical assistant · lead electrical engineer. ahmedabad; permanent · isp · isp · project & site · head - talent · lead ui ux ...,https://www.randstad.in/jobs/
"Jobs in All India, Blue Collar Jobs, Vacancy 2018-19","Find blue collar jobs in All India at QuikrJobs. Apply to number of job vacancies, get a job relevant to your profile. Create free resume and job alerts ...",https://www.quikr.com/jobs
"Government Jobs 2023, Latest Govt Job Alerts",Government Jobs 2023: Get daily latest government job updates for all govt jobs aspirants in India. List of 41470 central and state government jobs.,https://www.careerpower.in/government-jobs.html
Government Jobs 2023 Latest Govt Jobs 113666 Vacancies,Tech etc.) and all other educational qualified job vacancies available in the following tables. ✓ Latest Government Jobs 2024 Education wise Opening List: ...,https://www.indgovtjobs.in/2015/10/Government-Jobs.html
"74 Latest Job Vacancies in Mumbai, December'23 - Rocket Jobs","As on 6 December 2023, Mumbai has a total of 74 vacancies in Sales, Delivery Boy Jobs, Business Development, Customer Care, Telesales and more, with salary ...",https://www.myrocket.co/s/jobs-in-mumbai/
"Meesho Jobs | Meesho Careers, Work From Home Jobs In India","68 jobs, across all teams & all locations. Ad Sales Manager - Monetisation. Monetization. Bangalore, Karnataka · AM - Valmo Control tower (Performance and ...",https://www.meesho.io/jobs
Job Vacancies in India | Job Opportunities in India,"Amcat can help you find the latest and most relevant jobs in India! With Amcat, apply for IT, MBA, finance, BPO, KPO & other jobs in India.",https://www.myamcat.com/jobs
Fresher | Experience | ITI | Diploma | MBA | Technical Jobs ...,"Justjob.co.in is best job portal for ITI,Diploma,MBA,HR and Technical jobs Fresher / Experience Candidates.",https://www.justjob.co.in/
latest Jobs,latest Jobs | Delhi Development Authority.,https://dda.gov.in/latest-jobs
Jobs at SAP | SAP Careers,"Apply online for jobs worldwide with SAP - Sales Jobs, Consulting Jobs, Development & Technology Jobs, Corporate Jobs, Graduate & Intern Jobs and more.",https://jobs.sap.com/
Jobs at Siemens,When you upload your resume: Jobs will be labeled when they're a good or great match; Great matches will be shown first in search results; Relevant skills and ...,https://jobs.siemens.com/careers
Jobs | Continental,Share: Facebook · X · LinkedIn · Reddit · Xing · Tumblr · Email.,https://jobs.continental.com/en/
Define your career with IBM,That's why we let you explore new paths at your own speed — making sure you're constantly learning. Discover the possibilities. What job are you looking for ...,https://www.ibm.com/careers/us-en/
Merck Careers: Discover Job Opportunities at Merck,Explore the divisions that are helping to save and improve lives · Research & Development · Manufacturing & Supply · Human Health · Animal Health · Global ...,https://jobs.merck.com/us/en
Abbott Jobs | Apply Now | Abbott Laboratories Careers,Be challenged in a career that helps people around the world live fuller lives through better health. Search and apply now for a job at Abbott.,https://www.jobs.abbott/
"Latest Govt Jobs, Notifications, Vacancy","Latest Govt Jobs, Notifications · Bihar B. · MPSC Recruitment 2023 Notification For 765 Assistant Professor Vacancies, Apply Online · MPPSC Admit Card 2023: ...",https://www.jagranjosh.com/government-jobs
